x,y,t,r,g,b,ideal_r,ideal_g,ideal_b
50,294,0.04002624671916011,83,56,126,83.19881889763779,56.44094488188976,125.75984251968504
51,294,0.04133858267716536,83,56,126,83.13976377952756,56.488188976377955,125.75196850393701
52,294,0.04265091863517061,83,57,126,83.08070866141732,56.53543307086614,125.74409448818898
53,294,0.043963254593175856,83,57,126,83.02165354330708,56.58267716535433,125.73622047244095
54,294,0.045275590551181105,83,57,126,82.96259842519684,56.62992125984252,125.72834645669292
55,294,0.046587926509186355,83,57,126,82.90354330708661,56.67716535433071,125.72047244094489
56,294,0.047900262467191604,83,57,126,82.84448818897638,56.724409448818896,125.71259842519684
57,294,0.04921259842519685,83,57,126,82.78543307086615,56.77165354330709,125.70472440944881
58,294,0.0505249343832021,83,57,126,82.72637795275591,56.818897637795274,125.69685039370079
59,294,0.05183727034120735,83,57,126,82.66732283464567,56.86614173228347,125.68897637795276
60,294,0.0531496062992126,83,57,126,82.60826771653544,56.91338582677165,125.68110236220473
61,294,0.05446194225721785,82,57,126,82.5492125984252,56.960629921259844,125.6732283464567
62,294,0.0557742782152231,82,57,126,82.49015748031496,57.00787401574803,125.66535433070867
63,294,0.05708661417322835,82,57,126,82.43110236220473,57.05511811023622,125.65748031496064
64,294,0.0583989501312336,82,57,126,82.37204724409449,57.10236220472441,125.64960629921259
65,294,0.05971128608923885,82,57,126,82.31299212598425,57.1496062992126,125.64173228346456
66,294,0.0610236220472441,82,57,126,82.25393700787401,57.196850393700785,125.63385826771653
67,294,0.062335958005249346,82,57,126,82.19488188976378,57.24409448818898,125.6259842519685
68,294,0.0636482939632546,82,57,126,82.13582677165354,57.29133858267716,125.61811023622047
69,294,0.06496062992125984,82,57,126,82.0767716535433,57.338582677165356,125.61023622047244
70,294,0.0662729658792651,82,57,126,82.01771653543307,57.38582677165354,125.60236220472441
71,294,0.06758530183727034,82,57,126,81.95866141732283,57.43307086614173,125.59448818897638
72,294,0.0688976377952756,82,57,126,81.89960629921259,57.48031496062992,125.58661417322834
73,294,0.07020997375328084,82,58,126,81.84055118110236,57.52755905511811,125.57874015748031
74,294,0.07152230971128609,82,58,126,81.78149606299212,57.574803149606296,125.57086614173228
75,294,0.07283464566929133,82,58,126,81.7224409448819,57.62204724409449,125.56299212598425
76,294,0.07414698162729659,82,58,126,81.66338582677166,57.669291338582674,125.55511811023622
77,294,0.07545931758530183,82,58,126,81.60433070866142,57.71653543307087,125.54724409448819
78,294,0.07677165354330709,81,58,126,81.54527559055119,57.76377952755905,125.53937007874016
79,294,0.07808398950131233,81,58,126,81.48622047244095,57.811023622047244,125.53149606299213
80,294,0.07939632545931759,81,58,126,81.42716535433071,57.85826771653544,125.52362204724409
81,294,0.08070866141732283,81,58,126,81.36811023622047,57.90551181102362,125.51574803149606
82,294,0.08202099737532809,81,58,126,81.30905511811024,57.95275590551181,125.50787401574803
83,294,0.08333333333333333,81,58,125,81.25,58.0,125.5
84,294,0.08464566929133858,81,58,125,81.19094488188976,58.04724409448819,125.49212598425197
85,294,0.08595800524934383,81,58,125,81.13188976377953,58.09448818897638,125.48425196850394
86,294,0.08727034120734908,81,58,125,81.07283464566929,58.14173228346457,125.47637795275591
87,294,0.08858267716535433,81,58,125,81.01377952755905,58.188976377952756,125.46850393700788
88,294,0.08989501312335958,81,58,125,80.95472440944881,58.23622047244095,125.46062992125984
89,294,0.09120734908136482,81,58,125,80.89566929133858,58.28346456692913,125.45275590551181
90,294,0.09251968503937008,81,58,125,80.83661417322834,58.330708661417326,125.44488188976378
91,294,0.09383202099737532,81,58,125,80.7775590551181,58.37795275590551,125.43700787401575
92,294,0.09514435695538058,81,58,125,80.71850393700788,58.425196850393704,125.42913385826772
93,294,0.09645669291338582,81,58,125,80.65944881889764,58.47244094488189,125.42125984251969
94,294,0.09776902887139108,81,58,125,80.60039370078741,58.51968503937008,125.41338582677166
95,294,0.09908136482939632,80,59,125,80.54133858267717,58.56692913385827,125.40551181102362
96,294,0.10039370078740158,80,59,125,80.48228346456693,58.61417322834646,125.39763779527559
97,294,0.10170603674540682,80,59,125,80.4232283464567,58.661417322834644,125.38976377952756
98,294,0.10301837270341208,80,59,125,80.36417322834646,58.70866141732284,125.38188976377953
99,294,0.10433070866141732,80,59,125,80.30511811023622,58.75590551181102,125.3740157480315
100,294,0.10564304461942257,80,59,125,80.24606299212599,58.803149606299215,125.36614173228347
101,294,0.10695538057742782,80,59,125,80.18700787401575,58.8503937007874,125.35826771653544
102,294,0.10826771653543307,80,59,125,80.12795275590551,58.89763779527559,125.35039370078741
103,294,0.10958005249343832,80,59,125,80.06889763779527,58.94488188976378,125.34251968503936
104,294,0.11089238845144357,80,59,125,80.00984251968504,58.99212598425197,125.33464566929133
105,294,0.11220472440944881,80,59,125,79.9507874015748,59.039370078740156,125.3267716535433
106,294,0.11351706036745407,80,59,125,79.89173228346456,59.08661417322835,125.31889763779527
107,294,0.11482939632545931,80,59,125,79.83267716535433,59.13385826771653,125.31102362204724
108,294,0.11614173228346457,80,59,125,79.77362204724409,59.181102362204726,125.30314960629921
109,294,0.11745406824146981,80,59,125,79.71456692913385,59.22834645669291,125.29527559055119
110,294,0.11876640419947507,80,59,125,79.65551181102362,59.275590551181104,125.28740157480316
111,294,0.12007874015748031,80,59,125,79.59645669291339,59.32283464566929,125.27952755905511
112,294,0.12139107611548557,80,59,125,79.53740157480316,59.37007874015748,125.27165354330708
113,294,0.12270341207349081,79,59,125,79.47834645669292,59.41732283464567,125.26377952755905
114,294,0.12401574803149606,79,59,125,79.41929133858268,59.46456692913386,125.25590551181102
115,294,0.12532808398950132,79,59,125,79.36023622047244,59.511811023622045,125.24803149606299
116,294,0.12664041994750655,79,60,125,79.30118110236221,59.55905511811024,125.24015748031496
117,294,0.1279527559055118,79,60,125,79.24212598425197,59.60629921259842,125.23228346456693
118,294,0.12926509186351706,79,60,125,79.18307086614173,59.653543307086615,125.2244094488189
119,294,0.13057742782152232,79,60,125,79.1240157480315,59.7007874015748,125.21653543307086
120,294,0.13188976377952755,79,60,125,79.06496062992126,59.74803149606299,125.20866141732283
121,294,0.1332020997375328,79,60,125,79.00590551181102,59.79527559055118,125.2007874015748
122,294,0.13451443569553806,79,60,125,78.94685039370079,59.84251968503937,125.19291338582677
123,294,0.13582677165354332,79,60,125,78.88779527559055,59.889763779527556,125.18503937007874
124,294,0.13713910761154854,79,60,125,78.82874015748031,59.93700787401575,125.17716535433071
125,294,0.1384514435695538,79,60,125,78.76968503937007,59.98425196850394,125.16929133858268
126,294,0.13976377952755906,79,60,125,78.71062992125984,60.031496062992126,125.16141732283465
127,294,0.1410761154855643,79,60,125,78.6515748031496,60.07874015748031,125.15354330708661
128,294,0.14238845144356954,79,60,125,78.59251968503938,60.125984251968504,125.14566929133858
129,294,0.1437007874015748,79,60,125,78.53346456692914,60.173228346456696,125.13779527559055
130,294,0.14501312335958005,78,60,125,78.4744094488189,60.22047244094488,125.12992125984252
131,294,0.1463254593175853,78,60,125,78.41535433070867,60.267716535433074,125.12204724409449
132,294,0.14763779527559054,78,60,125,78.35629921259843,60.31496062992126,125.11417322834646
133,294,0.1489501312335958,78,60,125,78.29724409448819,60.36220472440945,125.10629921259843
134,294,0.15026246719160105,78,60,125,78.23818897637796,60.40944881889764,125.0984251968504
135,294,0.1515748031496063,78,60,125,78.17913385826772,60.45669291338583,125.09055118110236
136,294,0.15288713910761154,78,60,125,78.12007874015748,60.503937007874015,125.08267716535433
137,294,0.1541994750656168,78,61,125,78.06102362204724,60.55118110236221,125.0748031496063
138,294,0.15551181102362205,78,61,125,78.00196850393701,60.59842519685039,125.06692913385827
139,294,0.1568241469816273,78,61,125,77.94291338582677,60.645669291338585,125.05905511811024
140,294,0.15813648293963253,78,61,125,77.88385826771653,60.69291338582677,125.05118110236221
141,294,0.1594488188976378,78,61,125,77.8248031496063,60.74015748031496,125.04330708661418
142,294,0.16076115485564305,78,61,125,77.76574803149606,60.78740157480315,125.03543307086615
143,294,0.1620734908136483,78,61,125,77.70669291338582,60.83464566929134,125.0275590551181
144,294,0.16338582677165353,78,61,125,77.64763779527559,60.881889763779526,125.01968503937007
145,294,0.1646981627296588,78,61,125,77.58858267716535,60.92913385826772,125.01181102362204
146,294,0.16601049868766404,78,61,125,77.52952755905511,60.976377952755904,125.00393700787401
147,294,0.1673228346456693,77,61,125,77.47047244094489,61.023622047244096,124.99606299212599
148,294,0.16863517060367453,77,61,125,77.41141732283465,61.07086614173228,124.98818897637796
149,294,0.16994750656167978,77,61,125,77.35236220472441,61.118110236220474,124.98031496062993
150,294,0.17125984251968504,77,61,125,77.29330708661418,61.16535433070866,124.9724409448819
151,294,0.1725721784776903,77,61,125,77.23425196850394,61.21259842519685,124.96456692913385
152,294,0.17388451443569553,77,61,125,77.1751968503937,61.25984251968504,124.95669291338582
153,294,0.17519685039370078,77,61,125,77.11614173228347,61.30708661417323,124.94881889763779
154,294,0.17650918635170604,77,61,125,77.05708661417323,61.354330708661415,124.94094488188976
155,294,0.1778215223097113,77,61,125,76.99803149606299,61.40157480314961,124.93307086614173
156,294,0.17913385826771652,77,61,125,76.93897637795276,61.44881889763779,124.9251968503937
157,294,0.18044619422572178,77,61,125,76.87992125984252,61.496062992125985,124.91732283464567
158,294,0.18175853018372704,77,62,125,76.82086614173228,61.54330708661417,124.90944881889764
159,294,0.1830708661417323,77,62,125,76.76181102362204,61.59055118110236,124.9015748031496
160,294,0.18438320209973752,77,62,125,76.70275590551181,61.63779527559055,124.89370078740157
161,294,0.18569553805774278,77,62,125,76.64370078740157,61.68503937007874,124.88582677165354
162,294,0.18700787401574803,77,62,125,76.58464566929133,61.73228346456693,124.87795275590551
163,294,0.1883202099737533,77,62,125,76.5255905511811,61.77952755905512,124.87007874015748
164,294,0.18963254593175852,76,62,125,76.46653543307087,61.826771653543304,124.86220472440945
165,294,0.19094488188976377,76,62,125,76.40748031496062,61.874015748031496,124.85433070866142
166,294,0.19225721784776903,76,62,125,76.3484251968504,61.92125984251969,124.84645669291339
167,294,0.19356955380577429,76,62,125,76.28937007874016,61.968503937007874,124.83858267716535
168,294,0.19488188976377951,76,62,125,76.23031496062993,62.01574803149606,124.83070866141732
169,294,0.19619422572178477,76,62,125,76.17125984251969,62.06299212598425,124.82283464566929
170,294,0.19750656167979003,76,62,125,76.11220472440945,62.110236220472444,124.81496062992126
171,294,0.19881889763779528,76,62,125,76.05314960629921,62.15748031496063,124.80708661417323
172,294,0.2001312335958005,76,62,125,75.99409448818898,62.204724409448815,124.7992125984252
173,294,0.20144356955380577,76,62,125,75.93503937007874,62.25196850393701,124.79133858267717
174,294,0.20275590551181102,76,62,125,75.8759842519685,62.2992125984252,124.78346456692914
175,294,0.20406824146981628,76,62,125,75.81692913385827,62.346456692913385,124.7755905511811
176,294,0.2053805774278215,76,62,125,75.75787401574803,62.39370078740157,124.76771653543307
177,294,0.20669291338582677,76,62,125,75.69881889763779,62.44094488188976,124.75984251968504
178,294,0.20800524934383202,76,62,125,75.63976377952756,62.488188976377955,124.75196850393701
179,294,0.20931758530183728,76,63,125,75.58070866141732,62.53543307086614,124.74409448818898
180,294,0.2106299212598425,76,63,125,75.52165354330708,62.58267716535433,124.73622047244095
181,294,0.21194225721784776,75,63,125,75.46259842519684,62.62992125984252,124.72834645669292
182,294,0.21325459317585302,75,63,125,75.40354330708661,62.67716535433071,124.72047244094489
183,294,0.21456692913385828,75,63,125,75.34448818897638,62.724409448818896,124.71259842519684
184,294,0.2158792650918635,75,63,125,75.28543307086615,62.77165354330709,124.70472440944881
185,294,0.21719160104986876,75,63,125,75.22637795275591,62.818897637795274,124.69685039370079
186,294,0.21850393700787402,75,63,125,75.16732283464567,62.86614173228347,124.68897637795276
187,294,0.21981627296587927,75,63,125,75.10826771653544,62.91338582677165,124.68110236220473
188,294,0.2211286089238845,75,63,125,75.0492125984252,62.960629921259844,124.6732283464567
189,294,0.22244094488188976,75,63,125,74.99015748031496,63.00787401574803,124.66535433070867
190,294,0.223753280839895,75,63,125,74.93110236220473,63.05511811023622,124.65748031496064
191,294,0.22506561679790027,75,63,125,74.87204724409449,63.10236220472441,124.64960629921259
192,294,0.2263779527559055,75,63,125,74.81299212598425,63.1496062992126,124.64173228346456
193,294,0.22769028871391075,75,63,125,74.75393700787401,63.196850393700785,124.63385826771653
194,294,0.229002624671916,75,63,125,74.69488188976378,63.24409448818898,124.6259842519685
195,294,0.23031496062992127,75,63,125,74.63582677165354,63.29133858267716,124.61811023622047
196,294,0.2316272965879265,75,63,125,74.5767716535433,63.338582677165356,124.61023622047244
197,294,0.23293963254593175,74,63,125,74.51771653543307,63.38582677165354,124.60236220472441
198,294,0.234251968503937,74,63,125,74.45866141732283,63.43307086614173,124.59448818897638
199,294,0.23556430446194226,74,63,125,74.39960629921259,63.480314960629926,124.58661417322834
200,294,0.2368766404199475,74,64,125,74.34055118110237,63.52755905511811,124.57874015748031
201,294,0.23818897637795275,74,64,125,74.28149606299212,63.574803149606296,124.57086614173228
202,294,0.239501312335958,74,64,125,74.2224409448819,63.62204724409449,124.56299212598425
203,294,0.24081364829396326,74,64,125,74.16338582677166,63.66929133858268,124.55511811023622
204,294,0.2421259842519685,74,64,125,74.10433070866142,63.71653543307087,124.54724409448819
205,294,0.24343832020997375,74,64,125,74.04527559055119,63.76377952755905,124.53937007874016
206,294,0.244750656167979,74,64,125,73.98622047244095,63.811023622047244,124.53149606299212
207,294,0.24606299212598426,74,64,125,73.92716535433071,63.85826771653544,124.52362204724409
208,294,0.2473753280839895,74,64,125,73.86811023622047,63.90551181102362,124.51574803149606
209,294,0.24868766404199474,74,64,124,73.80905511811024,63.95275590551181,124.50787401574803
210,294,0.25,74,64,124,73.75,64.0,124.5
211,294,0.25131233595800523,74,64,124,73.69094488188976,64.04724409448819,124.49212598425197
212,294,0.2526246719160105,74,64,124,73.63188976377953,64.09448818897638,124.48425196850394
213,294,0.25393700787401574,74,64,124,73.57283464566929,64.14173228346456,124.47637795275591
214,294,0.255249343832021,73,64,124,73.51377952755905,64.18897637795276,124.46850393700787
215,294,0.25656167979002625,73,64,124,73.45472440944881,64.23622047244095,124.46062992125984
216,294,0.2578740157480315,73,64,124,73.39566929133858,64.28346456692913,124.45275590551181
217,294,0.25918635170603677,73,64,124,73.33661417322834,64.33070866141732,124.44488188976378
218,294,0.260498687664042,73,64,124,73.2775590551181,64.37795275590551,124.43700787401575
219,294,0.2618110236220472,73,64,124,73.21850393700788,64.4251968503937,124.42913385826772
220,294,0.2631233595800525,73,64,124,73.15944881889763,64.4724409448819,124.42125984251969
221,294,0.26443569553805774,73,64,124,73.10039370078741,64.51968503937007,124.41338582677166
222,294,0.265748031496063,73,65,124,73.04133858267717,64.56692913385827,124.40551181102362
223,294,0.26706036745406825,73,65,124,72.98228346456693,64.61417322834646,124.39763779527559
224,294,0.2683727034120735,73,65,124,72.9232283464567,64.66141732283464,124.38976377952756
225,294,0.26968503937007876,73,65,124,72.86417322834646,64.70866141732283,124.38188976377953
226,294,0.270997375328084,73,65,124,72.80511811023622,64.75590551181102,124.3740157480315
227,294,0.2723097112860892,73,65,124,72.74606299212599,64.80314960629921,124.36614173228347
228,294,0.2736220472440945,73,65,124,72.68700787401575,64.85039370078741,124.35826771653544
229,294,0.27493438320209973,73,65,124,72.62795275590551,64.89763779527559,124.35039370078741
230,294,0.276246719160105,73,65,124,72.56889763779527,64.94488188976378,124.34251968503936
231,294,0.27755905511811024,72,65,124,72.50984251968504,64.99212598425197,124.33464566929133
232,294,0.27887139107611547,72,65,124,72.4507874015748,65.03937007874016,124.3267716535433
233,294,0.28018372703412076,72,65,124,72.39173228346456,65.08661417322836,124.31889763779527
234,294,0.281496062992126,72,65,124,72.33267716535433,65.13385826771653,124.31102362204724
235,294,0.2828083989501312,72,65,124,72.27362204724409,65.18110236220473,124.30314960629921
236,294,0.2841207349081365,72,65,124,72.21456692913385,65.22834645669292,124.29527559055119
237,294,0.2854330708661417,72,65,124,72.15551181102362,65.2755905511811,124.28740157480316
238,294,0.286745406824147,72,65,124,72.09645669291339,65.32283464566929,124.27952755905511
239,294,0.28805774278215224,72,65,124,72.03740157480316,65.37007874015748,124.27165354330708
240,294,0.28937007874015747,72,65,124,71.97834645669292,65.41732283464567,124.26377952755905
241,294,0.29068241469816275,72,65,124,71.91929133858268,65.46456692913387,124.25590551181102
242,294,0.291994750656168,72,65,124,71.86023622047244,65.51181102362204,124.24803149606299
243,294,0.2933070866141732,72,66,124,71.80118110236221,65.55905511811024,124.24015748031496
244,294,0.2946194225721785,72,66,124,71.74212598425197,65.60629921259843,124.23228346456693
245,294,0.2959317585301837,72,66,124,71.68307086614173,65.65354330708661,124.2244094488189
246,294,0.297244094488189,72,66,124,71.6240157480315,65.7007874015748,124.21653543307086
247,294,0.29855643044619423,72,66,124,71.56496062992126,65.74803149606299,124.20866141732283
248,294,0.29986876640419946,71,66,124,71.50590551181102,65.79527559055119,124.2007874015748
249,294,0.30118110236220474,71,66,124,71.44685039370079,65.84251968503938,124.19291338582677
250,294,0.30249343832021,71,66,124,71.38779527559055,65.88976377952756,124.18503937007874
251,294,0.3038057742782152,71,66,124,71.32874015748031,65.93700787401575,124.17716535433071
252,294,0.3051181102362205,71,66,124,71.26968503937007,65.98425196850394,124.16929133858268
253,294,0.3064304461942257,71,66,124,71.21062992125984,66.03149606299212,124.16141732283465
254,294,0.307742782152231,71,66,124,71.1515748031496,66.07874015748031,124.15354330708661
255,294,0.3090551181102362,71,66,124,71.09251968503938,66.1259842519685,124.14566929133858
256,294,0.31036745406824146,71,66,124,71.03346456692914,66.1732283464567,124.13779527559055
257,294,0.31167979002624674,71,66,124,70.9744094488189,66.22047244094489,124.12992125984252
258,294,0.31299212598425197,71,66,124,70.91535433070867,66.26771653543307,124.12204724409449
259,294,0.3143044619422572,71,66,124,70.85629921259843,66.31496062992126,124.11417322834646
260,294,0.3156167979002625,71,66,124,70.79724409448819,66.36220472440945,124.10629921259843
261,294,0.3169291338582677,71,66,124,70.73818897637796,66.40944881889763,124.0984251968504
262,294,0.318241469816273,71,66,124,70.67913385826772,66.45669291338582,124.09055118110236
263,294,0.3195538057742782,71,66,124,70.62007874015748,66.50393700787401,124.08267716535433
264,294,0.32086614173228345,71,66,124,70.56102362204724,66.55118110236221,124.0748031496063
265,294,0.32217847769028873,70,67,124,70.50196850393701,66.5984251968504,124.06692913385827
266,294,0.32349081364829396,70,67,124,70.44291338582677,66.64566929133858,124.05905511811024
267,294,0.3248031496062992,70,67,124,70.38385826771653,66.69291338582677,124.05118110236221
268,294,0.3261154855643045,70,67,124,70.3248031496063,66.74015748031496,124.04330708661418
269,294,0.3274278215223097,70,67,124,70.26574803149606,66.78740157480316,124.03543307086615
270,294,0.328740157480315,70,67,124,70.20669291338582,66.83464566929133,124.0275590551181
271,294,0.3300524934383202,70,67,124,70.14763779527559,66.88188976377953,124.01968503937007
272,294,0.33136482939632544,70,67,124,70.08858267716536,66.92913385826772,124.01181102362204
273,294,0.33267716535433073,70,67,124,70.02952755905511,66.97637795275591,124.00393700787401
274,294,0.33398950131233596,70,67,124,69.97047244094489,67.02362204724409,123.99606299212599
275,294,0.3353018372703412,70,67,124,69.91141732283465,67.07086614173228,123.98818897637796
276,294,0.33661417322834647,70,67,124,69.85236220472441,67.11811023622047,123.98031496062993
277,294,0.3379265091863517,70,67,124,69.79330708661418,67.16535433070867,123.9724409448819
278,294,0.339238845144357,70,67,124,69.73425196850394,67.21259842519686,123.96456692913385
279,294,0.3405511811023622,70,67,124,69.6751968503937,67.25984251968504,123.95669291338582
280,294,0.34186351706036744,70,67,124,69.61614173228347,67.30708661417323,123.94881889763779
281,294,0.3431758530183727,70,67,124,69.55708661417323,67.35433070866142,123.94094488188976
282,294,0.34448818897637795,69,67,124,69.49803149606299,67.4015748031496,123.93307086614173
283,294,0.3458005249343832,69,67,124,69.43897637795276,67.44881889763779,123.9251968503937
284,294,0.34711286089238846,69,67,124,69.37992125984252,67.49606299212599,123.91732283464567
285,294,0.3484251968503937,69,67,124,69.32086614173228,67.54330708661418,123.90944881889764
286,294,0.349737532808399,69,68,124,69.26181102362204,67.59055118110237,123.9015748031496
287,294,0.3510498687664042,69,68,124,69.20275590551181,67.63779527559055,123.89370078740157
288,294,0.35236220472440943,69,68,124,69.14370078740157,67.68503937007874,123.88582677165354
289,294,0.3536745406824147,69,68,124,69.08464566929133,67.73228346456693,123.87795275590551
290,294,0.35498687664041995,69,68,124,69.0255905511811,67.77952755905511,123.87007874015748
291,294,0.3562992125984252,69,68,124,68.96653543307087,67.8267716535433,123.86220472440945
292,294,0.35761154855643046,69,68,124,68.90748031496062,67.8740157480315,123.85433070866142
293,294,0.3589238845144357,69,68,124,68.8484251968504,67.92125984251969,123.84645669291339
294,294,0.36023622047244097,69,68,124,68.78937007874015,67.96850393700788,123.83858267716535
295,294,0.3615485564304462,69,68,124,68.73031496062993,68.01574803149606,123.83070866141732
296,294,0.36286089238845143,69,68,124,68.67125984251969,68.06299212598425,123.82283464566929
297,294,0.3641732283464567,69,68,124,68.61220472440945,68.11023622047244,123.81496062992126
298,294,0.36548556430446194,69,68,124,68.55314960629921,68.15748031496062,123.80708661417323
299,294,0.36679790026246717,68,68,124,68.49409448818898,68.20472440944881,123.7992125984252
300,294,0.36811023622047245,68,68,124,68.43503937007874,68.25196850393701,123.79133858267717
301,294,0.3694225721784777,68,68,124,68.3759842519685,68.2992125984252,123.78346456692914
302,294,0.37073490813648297,68,68,124,68.31692913385827,68.34645669291339,123.7755905511811
303,294,0.3720472440944882,68,68,124,68.25787401574803,68.39370078740157,123.76771653543307
304,294,0.3733595800524934,68,68,124,68.19881889763779,68.44094488188976,123.75984251968504
305,294,0.3746719160104987,68,68,124,68.13976377952756,68.48818897637796,123.75196850393701
306,294,0.37598425196850394,68,68,124,68.08070866141732,68.53543307086613,123.74409448818898
307,294,0.37729658792650916,68,69,124,68.02165354330708,68.58267716535433,123.73622047244095
308,294,0.37860892388451445,68,69,124,67.96259842519684,68.62992125984252,123.72834645669292
309,294,0.3799212598425197,68,69,124,67.90354330708661,68.67716535433071,123.72047244094489
310,294,0.38123359580052496,68,69,124,67.84448818897638,68.7244094488189,123.71259842519684
311,294,0.3825459317585302,68,69,124,67.78543307086613,68.77165354330708,123.70472440944881
312,294,0.3838582677165354,68,69,124,67.72637795275591,68.81889763779527,123.69685039370079
313,294,0.3851706036745407,68,69,124,67.66732283464566,68.86614173228347,123.68897637795276
314,294,0.38648293963254593,68,69,124,67.60826771653544,68.91338582677166,123.68110236220473
315,294,0.38779527559055116,68,69,124,67.5492125984252,68.96062992125984,123.6732283464567
316,294,0.38910761154855644,67,69,124,67.49015748031496,69.00787401574803,123.66535433070867
317,294,0.39041994750656167,67,69,124,67.43110236220473,69.05511811023622,123.65748031496064
318,294,0.39173228346456695,67,69,124,67.37204724409449,69.10236220472441,123.64960629921259
319,294,0.3930446194225722,67,69,124,67.31299212598425,69.14960629921259,123.64173228346456
320,294,0.3943569553805774,67,69,124,67.25393700787401,69.19685039370079,123.63385826771653
321,294,0.3956692913385827,67,69,124,67.19488188976378,69.24409448818898,123.6259842519685
322,294,0.3969816272965879,67,69,124,67.13582677165354,69.29133858267717,123.61811023622047
323,294,0.39829396325459315,67,69,124,67.0767716535433,69.33858267716535,123.61023622047244
324,294,0.39960629921259844,67,69,124,67.01771653543307,69.38582677165354,123.60236220472441
325,294,0.40091863517060367,67,69,124,66.95866141732283,69.43307086614173,123.59448818897638
326,294,0.40223097112860895,67,69,124,66.89960629921259,69.48031496062993,123.58661417322834
327,294,0.4035433070866142,67,69,124,66.84055118110237,69.5275590551181,123.57874015748031
328,294,0.4048556430446194,67,70,124,66.78149606299212,69.5748031496063,123.57086614173228
329,294,0.4061679790026247,67,70,124,66.7224409448819,69.62204724409449,123.56299212598425
330,294,0.4074803149606299,67,70,124,66.66338582677164,69.66929133858268,123.55511811023622
331,294,0.40879265091863515,67,70,124,66.60433070866142,69.71653543307086,123.54724409448819
332,294,0.41010498687664043,66,70,124,66.54527559055119,69.76377952755905,123.53937007874016
333,294,0.41141732283464566,66,70,124,66.48622047244095,69.81102362204724,123.53149606299212
334,294,0.41272965879265094,66,70,124,66.42716535433071,69.85826771653544,123.52362204724409
335,294,0.4140419947506562,66,70,124,66.36811023622047,69.90551181102362,123.51574803149606
336,294,0.4153543307086614,66,70,123,66.30905511811024,69.95275590551181,123.50787401574803
337,294,0.4166666666666667,66,70,123,66.25,70.0,123.5
338,294,0.4179790026246719,66,70,123,66.19094488188976,70.04724409448819,123.49212598425197
339,294,0.41929133858267714,66,70,123,66.13188976377953,70.09448818897638,123.48425196850394
340,294,0.4206036745406824,66,70,123,66.07283464566929,70.14173228346456,123.47637795275591
341,294,0.42191601049868765,66,70,123,66.01377952755905,70.18897637795276,123.46850393700788
342,294,0.42322834645669294,66,70,123,65.95472440944881,70.23622047244095,123.46062992125984
343,294,0.42454068241469817,66,70,123,65.89566929133858,70.28346456692913,123.45275590551181
344,294,0.4258530183727034,66,70,123,65.83661417322836,70.33070866141732,123.44488188976378
345,294,0.4271653543307087,66,70,123,65.7775590551181,70.37795275590551,123.43700787401575
346,294,0.4284776902887139,66,70,123,65.71850393700788,70.4251968503937,123.42913385826772
347,294,0.42979002624671914,66,70,123,65.65944881889763,70.4724409448819,123.42125984251969
348,294,0.4311023622047244,66,70,123,65.60039370078741,70.51968503937007,123.41338582677166
349,294,0.43241469816272965,65,71,123,65.54133858267717,70.56692913385827,123.40551181102362
350,294,0.43372703412073493,65,71,123,65.48228346456693,70.61417322834646,123.39763779527559
351,294,0.43503937007874016,65,71,123,65.4232283464567,70.66141732283465,123.38976377952756
352,294,0.4363517060367454,65,71,123,65.36417322834646,70.70866141732283,123.38188976377953
353,294,0.4376640419947507,65,71,123,65.30511811023622,70.75590551181102,123.3740157480315
354,294,0.4389763779527559,65,71,123,65.24606299212599,70.80314960629921,123.36614173228347
355,294,0.44028871391076113,65,71,123,65.18700787401575,70.85039370078741,123.35826771653544
356,294,0.4416010498687664,65,71,123,65.12795275590551,70.89763779527559,123.35039370078741
357,294,0.44291338582677164,65,71,123,65.06889763779527,70.94488188976378,123.34251968503938
358,294,0.44422572178477693,65,71,123,65.00984251968504,70.99212598425197,123.33464566929133
359,294,0.44553805774278216,65,71,123,64.9507874015748,71.03937007874016,123.3267716535433
360,294,0.4468503937007874,65,71,123,64.89173228346456,71.08661417322834,123.31889763779527
361,294,0.44816272965879267,65,71,123,64.83267716535433,71.13385826771653,123.31102362204724
362,294,0.4494750656167979,65,71,123,64.77362204724409,71.18110236220473,123.30314960629921
363,294,0.4507874015748031,65,71,123,64.71456692913387,71.22834645669292,123.29527559055119
364,294,0.4520997375328084,65,71,123,64.65551181102362,71.2755905511811,123.28740157480316
365,294,0.45341207349081364,65,71,123,64.59645669291339,71.32283464566929,123.27952755905511
366,294,0.4547244094488189,64,71,123,64.53740157480314,71.37007874015748,123.27165354330708
367,294,0.45603674540682415,64,71,123,64.47834645669292,71.41732283464567,123.26377952755905
368,294,0.4573490813648294,64,71,123,64.41929133858268,71.46456692913387,123.25590551181102
369,294,0.45866141732283466,64,71,123,64.36023622047244,71.51181102362204,123.24803149606299
370,294,0.4599737532808399,64,72,123,64.30118110236221,71.55905511811024,123.24015748031496
371,294,0.4612860892388451,64,72,123,64.24212598425197,71.60629921259843,123.23228346456693
372,294,0.4625984251968504,64,72,123,64.18307086614173,71.65354330708661,123.2244094488189
373,294,0.46391076115485563,64,72,123,64.1240157480315,71.7007874015748,123.21653543307086
374,294,0.4652230971128609,64,72,123,64.06496062992126,71.74803149606299,123.20866141732283
375,294,0.46653543307086615,64,72,123,64.00590551181102,71.79527559055119,123.2007874015748
376,294,0.4678477690288714,64,72,123,63.946850393700785,71.84251968503938,123.19291338582677
377,294,0.46916010498687666,64,72,123,63.88779527559055,71.88976377952756,123.18503937007874
378,294,0.4704724409448819,64,72,123,63.82874015748031,71.93700787401575,123.17716535433071
379,294,0.4717847769028871,64,72,123,63.76968503937008,71.98425196850394,123.16929133858268
380,294,0.4730971128608924,64,72,123,63.71062992125984,72.03149606299212,123.16141732283465
381,294,0.4744094488188976,64,72,123,63.65157480314961,72.07874015748031,123.15354330708661
382,294,0.4757217847769029,64,72,123,63.59251968503937,72.1259842519685,123.14566929133858
383,294,0.47703412073490814,64,72,123,63.53346456692913,72.1732283464567,123.13779527559055
384,294,0.47834645669291337,63,72,123,63.4744094488189,72.22047244094489,123.12992125984252
385,294,0.47965879265091865,63,72,123,63.41535433070866,72.26771653543307,123.12204724409449
386,294,0.4809711286089239,63,72,123,63.35629921259843,72.31496062992126,123.11417322834646
387,294,0.4822834645669291,63,72,123,63.29724409448819,72.36220472440945,123.10629921259843
388,294,0.4835958005249344,63,72,123,63.238188976377955,72.40944881889763,123.0984251968504
389,294,0.4849081364829396,63,72,123,63.17913385826772,72.45669291338582,123.09055118110236
390,294,0.4862204724409449,63,72,123,63.12007874015748,72.50393700787401,123.08267716535433
391,294,0.48753280839895013,63,73,123,63.061023622047244,72.55118110236221,123.0748031496063
392,294,0.48884514435695536,63,73,123,63.00196850393701,72.5984251968504,123.06692913385827
393,294,0.49015748031496065,63,73,123,62.94291338582677,72.64566929133858,123.05905511811024
394,294,0.4914698162729659,63,73,123,62.88385826771653,72.69291338582677,123.05118110236221
395,294,0.4927821522309711,63,73,123,62.824803149606296,72.74015748031496,123.04330708661418
396,294,0.4940944881889764,63,73,123,62.76574803149606,72.78740157480314,123.03543307086615
397,294,0.4954068241469816,63,73,123,62.70669291338582,72.83464566929133,123.0275590551181
398,294,0.4967191601049869,63,73,123,62.647637795275585,72.88188976377953,123.01968503937007
399,294,0.49803149606299213,63,73,123,62.588582677165356,72.92913385826772,123.01181102362204
400,294,0.49934383202099736,63,73,123,62.52952755905512,72.97637795275591,123.00393700787401
401,294,0.5006561679790026,62,73,123,62.47047244094489,73.02362204724409,122.99606299212599
402,294,0.5019685039370079,62,73,123,62.411417322834644,73.07086614173228,122.98818897637796
403,294,0.5032808398950132,62,73,123,62.35236220472441,73.11811023622047,122.98031496062993
404,294,0.5045931758530183,62,73,123,62.29330708661418,73.16535433070865,122.9724409448819
405,294,0.5059055118110236,62,73,123,62.23425196850394,73.21259842519686,122.96456692913385
406,294,0.5072178477690289,62,73,123,62.175196850393704,73.25984251968504,122.95669291338582
407,294,0.5085301837270341,62,73,123,62.11614173228347,73.30708661417323,122.94881889763779
408,294,0.5098425196850394,62,73,123,62.05708661417323,73.35433070866142,122.94094488188976
409,294,0.5111548556430446,62,73,123,61.99803149606299,73.4015748031496,122.93307086614173
410,294,0.5124671916010499,62,73,123,61.938976377952756,73.44881889763779,122.9251968503937
411,294,0.5137795275590551,62,73,123,61.87992125984252,73.49606299212599,122.91732283464567
412,294,0.5150918635170604,62,74,123,61.82086614173228,73.54330708661418,122.90944881889764
413,294,0.5164041994750657,62,74,123,61.761811023622045,73.59055118110237,122.9015748031496
414,294,0.5177165354330708,62,74,123,61.70275590551181,73.63779527559055,122.89370078740157
415,294,0.5190288713910761,62,74,123,61.64370078740157,73.68503937007874,122.88582677165354
416,294,0.5203412073490814,62,74,123,61.58464566929133,73.73228346456693,122.87795275590551
417,294,0.5216535433070866,62,74,123,61.525590551181104,73.77952755905511,122.87007874015748
418,294,0.5229658792650919,61,74,123,61.46653543307087,73.8267716535433,122.86220472440945
419,294,0.5242782152230971,61,74,123,61.40748031496063,73.8740157480315,122.85433070866142
420,294,0.5255905511811023,61,74,123,61.3484251968504,73.92125984251967,122.84645669291339
421,294,0.5269028871391076,61,74,123,61.28937007874016,73.96850393700788,122.83858267716535
422,294,0.5282152230971129,61,74,123,61.23031496062992,74.01574803149606,122.83070866141732
423,294,0.5295275590551181,61,74,123,61.17125984251969,74.06299212598425,122.82283464566929
424,294,0.5308398950131233,61,74,123,61.11220472440945,74.11023622047244,122.81496062992126
425,294,0.5321522309711286,61,74,123,61.053149606299215,74.15748031496062,122.80708661417323
426,294,0.5334645669291339,61,74,123,60.99409448818898,74.20472440944883,122.7992125984252
427,294,0.5347769028871391,61,74,123,60.93503937007874,74.25196850393701,122.79133858267717
428,294,0.5360892388451444,61,74,123,60.875984251968504,74.2992125984252,122.78346456692914
429,294,0.5374015748031497,61,74,123,60.81692913385827,74.34645669291339,122.7755905511811
430,294,0.5387139107611548,61,74,123,60.75787401574803,74.39370078740157,122.76771653543307
431,294,0.5400262467191601,61,74,123,60.69881889763779,74.44094488188976,122.75984251968504
432,294,0.5413385826771654,61,74,123,60.639763779527556,74.48818897637796,122.75196850393701
433,294,0.5426509186351706,61,75,123,60.580708661417326,74.53543307086613,122.74409448818898
434,294,0.5439632545931758,61,75,123,60.52165354330708,74.58267716535433,122.73622047244095
435,294,0.5452755905511811,60,75,123,60.462598425196845,74.62992125984252,122.72834645669292
436,294,0.5465879265091863,60,75,123,60.403543307086615,74.67716535433071,122.72047244094489
437,294,0.5479002624671916,60,75,123,60.34448818897638,74.7244094488189,122.71259842519684
438,294,0.5492125984251969,60,75,123,60.28543307086614,74.77165354330708,122.70472440944881
439,294,0.550524934383202,60,75,123,60.22637795275591,74.81889763779527,122.69685039370079
440,294,0.5518372703412073,60,75,123,60.167322834645674,74.86614173228347,122.68897637795276
441,294,0.5531496062992126,60,75,123,60.10826771653544,74.91338582677166,122.68110236220473
442,294,0.5544619422572179,60,75,123,60.04921259842519,74.96062992125985,122.6732283464567
443,294,0.5557742782152231,60,75,123,59.99015748031496,75.00787401574803,122.66535433070867
444,294,0.5570866141732284,60,75,123,59.931102362204726,75.05511811023622,122.65748031496062
445,294,0.5583989501312336,60,75,123,59.87204724409449,75.10236220472441,122.64960629921259
446,294,0.5597112860892388,60,75,123,59.81299212598425,75.14960629921259,122.64173228346456
447,294,0.5610236220472441,60,75,123,59.753937007874015,75.19685039370079,122.63385826771653
448,294,0.5623359580052494,60,75,123,59.69488188976378,75.24409448818898,122.6259842519685
449,294,0.5636482939632546,60,75,123,59.63582677165354,75.29133858267716,122.61811023622047
450,294,0.5649606299212598,60,75,123,59.576771653543304,75.33858267716536,122.61023622047244
451,294,0.5662729658792651,60,75,123,59.51771653543307,75.38582677165354,122.60236220472441
452,294,0.5675853018372703,59,75,123,59.45866141732284,75.43307086614173,122.59448818897638
453,294,0.5688976377952756,59,75,123,59.3996062992126,75.48031496062993,122.58661417322834
454,294,0.5702099737532809,59,76,123,59.34055118110236,75.5275590551181,122.57874015748031
455,294,0.571522309711286,59,76,123,59.28149606299213,75.5748031496063,122.57086614173228
456,294,0.5728346456692913,59,76,123,59.22244094488189,75.62204724409449,122.56299212598425
457,294,0.5741469816272966,59,76,123,59.16338582677165,75.66929133858268,122.55511811023622
458,294,0.5754593175853019,59,76,123,59.104330708661415,75.71653543307087,122.54724409448819
459,294,0.5767716535433071,59,76,123,59.045275590551185,75.76377952755905,122.53937007874016
460,294,0.5780839895013123,59,76,123,58.98622047244095,75.81102362204724,122.53149606299212
461,294,0.5793963254593176,59,76,123,58.92716535433071,75.85826771653544,122.52362204724409
462,294,0.5807086614173228,59,76,122,58.868110236220474,75.90551181102362,122.51574803149606
463,294,0.5820209973753281,59,76,122,58.80905511811024,75.95275590551181,122.50787401574803
464,294,0.5833333333333334,59,76,122,58.75,76.0,122.5
465,294,0.5846456692913385,59,76,122,58.69094488188976,76.04724409448819,122.49212598425197
466,294,0.5859580052493438,59,76,122,58.631889763779526,76.09448818897638,122.48425196850394
467,294,0.5872703412073491,59,76,122,58.57283464566929,76.14173228346456,122.47637795275591
468,294,0.5885826771653543,58,76,122,58.51377952755905,76.18897637795276,122.46850393700788
469,294,0.5898950131233596,58,76,122,58.454724409448815,76.23622047244095,122.46062992125984
470,294,0.5912073490813649,58,76,122,58.39566929133858,76.28346456692913,122.45275590551181
471,294,0.59251968503937,58,76,122,58.33661417322835,76.33070866141732,122.44488188976378
472,294,0.5938320209973753,58,76,122,58.27755905511811,76.37795275590551,122.43700787401575
473,294,0.5951443569553806,58,76,122,58.218503937007874,76.4251968503937,122.42913385826772
474,294,0.5964566929133859,58,76,122,58.15944881889764,76.4724409448819,122.42125984251969
475,294,0.597769028871391,58,77,122,58.10039370078741,76.51968503937007,122.41338582677166
476,294,0.5990813648293963,58,77,122,58.04133858267717,76.56692913385827,122.40551181102362
477,294,0.6003937007874016,58,77,122,57.982283464566926,76.61417322834646,122.39763779527559
478,294,0.6017060367454068,58,77,122,57.923228346456696,76.66141732283464,122.38976377952756
479,294,0.6030183727034121,58,77,122,57.86417322834646,76.70866141732283,122.38188976377953
480,294,0.6043307086614174,58,77,122,57.80511811023622,76.75590551181102,122.3740157480315
481,294,0.6056430446194225,58,77,122,57.746062992125985,76.80314960629921,122.36614173228347
482,294,0.6069553805774278,58,77,122,57.68700787401575,76.85039370078741,122.35826771653544
483,294,0.6082677165354331,58,77,122,57.62795275590551,76.89763779527559,122.35039370078741
484,294,0.6095800524934383,58,77,122,57.568897637795274,76.94488188976378,122.34251968503938
485,294,0.6108923884514436,57,77,122,57.50984251968504,76.99212598425197,122.33464566929133
486,294,0.6122047244094488,57,77,122,57.4507874015748,77.03937007874016,122.3267716535433
487,294,0.613517060367454,57,77,122,57.39173228346457,77.08661417322834,122.31889763779527
488,294,0.6148293963254593,57,77,122,57.33267716535433,77.13385826771653,122.31102362204724
489,294,0.6161417322834646,57,77,122,57.27362204724409,77.18110236220473,122.30314960629921
490,294,0.6174540682414699,57,77,122,57.21456692913385,77.22834645669292,122.29527559055119
491,294,0.618766404199475,57,77,122,57.15551181102362,77.2755905511811,122.28740157480316
492,294,0.6200787401574803,57,77,122,57.096456692913385,77.32283464566929,122.27952755905511
493,294,0.6213910761154856,57,77,122,57.03740157480315,77.37007874015748,122.27165354330708
494,294,0.6227034120734908,57,77,122,56.97834645669292,77.41732283464566,122.26377952755905
495,294,0.6240157480314961,57,77,122,56.91929133858268,77.46456692913387,122.25590551181102
496,294,0.6253280839895013,57,78,122,56.860236220472444,77.51181102362204,122.24803149606299
497,294,0.6266404199475065,57,78,122,56.80118110236221,77.55905511811024,122.24015748031496
498,294,0.6279527559055118,57,78,122,56.74212598425197,77.60629921259843,122.23228346456693
499,294,0.6292650918635171,57,78,122,56.68307086614173,77.65354330708661,122.2244094488189
500,294,0.6305774278215223,57,78,122,56.624015748031496,77.7007874015748,122.21653543307087
501,294,0.6318897637795275,57,78,122,56.56496062992126,77.74803149606299,122.20866141732283
502,294,0.6332020997375328,56,78,122,56.50590551181102,77.79527559055119,122.2007874015748
503,294,0.634514435695538,56,78,122,56.446850393700785,77.84251968503936,122.19291338582677
504,294,0.6358267716535433,56,78,122,56.38779527559055,77.88976377952756,122.18503937007874
505,294,0.6371391076115486,56,78,122,56.32874015748031,77.93700787401575,122.17716535433071
506,294,0.6384514435695539,56,78,122,56.269685039370074,77.98425196850394,122.16929133858268
507,294,0.639763779527559,56,78,122,56.210629921259844,78.03149606299212,122.16141732283465
508,294,0.6410761154855643,56,78,122,56.15157480314961,78.07874015748031,122.15354330708661
509,294,0.6423884514435696,56,78,122,56.09251968503936,78.1259842519685,122.14566929133858
510,294,0.6437007874015748,56,78,122,56.03346456692914,78.1732283464567,122.13779527559055
511,294,0.64501312335958,56,78,122,55.974409448818896,78.22047244094489,122.12992125984252
512,294,0.6463254593175853,56,78,122,55.91535433070866,78.26771653543307,122.12204724409449
513,294,0.6476377952755905,56,78,122,55.85629921259843,78.31496062992126,122.11417322834646
514,294,0.6489501312335958,56,78,122,55.79724409448819,78.36220472440945,122.10629921259843
515,294,0.6502624671916011,56,78,122,55.738188976377955,78.40944881889763,122.0984251968504
516,294,0.6515748031496063,56,78,122,55.67913385826772,78.45669291338582,122.09055118110236
517,294,0.6528871391076115,56,78,122,55.62007874015748,78.50393700787401,122.08267716535433
518,294,0.6541994750656168,56,79,122,55.561023622047244,78.55118110236221,122.0748031496063
519,294,0.655511811023622,55,79,122,55.50196850393701,78.5984251968504,122.06692913385827
520,294,0.6568241469816273,55,79,122,55.44291338582677,78.64566929133858,122.05905511811024
521,294,0.6581364829396326,55,79,122,55.38385826771653,78.69291338582677,122.05118110236221
522,294,0.6594488188976378,55,79,122,55.324803149606296,78.74015748031496,122.04330708661418
523,294,0.660761154855643,55,79,122,55.26574803149606,78.78740157480314,122.03543307086615
524,294,0.6620734908136483,55,79,122,55.20669291338582,78.83464566929135,122.0275590551181
525,294,0.6633858267716536,55,79,122,55.147637795275585,78.88188976377953,122.01968503937007
526,294,0.6646981627296588,55,79,122,55.088582677165356,78.92913385826772,122.01181102362204
527,294,0.666010498687664,55,79,122,55.02952755905512,78.97637795275591,122.00393700787401
528,294,0.6673228346456693,55,79,122,54.97047244094488,79.02362204724409,121.99606299212599
529,294,0.6686351706036745,55,79,122,54.91141732283465,79.07086614173228,121.98818897637796
530,294,0.6699475065616798,55,79,122,54.852362204724415,79.11811023622047,121.98031496062993
531,294,0.6712598425196851,55,79,122,54.79330708661417,79.16535433070867,121.9724409448819
532,294,0.6725721784776902,55,79,122,54.73425196850394,79.21259842519684,121.96456692913385
533,294,0.6738845144356955,55,79,122,54.675196850393704,79.25984251968504,121.95669291338582
534,294,0.6751968503937008,55,79,122,54.61614173228347,79.30708661417323,121.94881889763779
535,294,0.676509186351706,55,79,122,54.55708661417323,79.35433070866142,121.94094488188976
536,294,0.6778215223097113,54,79,122,54.49803149606299,79.4015748031496,121.93307086614173
537,294,0.6791338582677166,54,79,122,54.438976377952756,79.44881889763779,121.9251968503937
538,294,0.6804461942257218,54,79,122,54.37992125984252,79.49606299212599,121.91732283464567
539,294,0.681758530183727,54,80,122,54.32086614173228,79.54330708661416,121.90944881889764
540,294,0.6830708661417323,54,80,122,54.261811023622045,79.59055118110237,121.9015748031496
541,294,0.6843832020997376,54,80,122,54.20275590551181,79.63779527559055,121.89370078740157
542,294,0.6856955380577427,54,80,122,54.14370078740158,79.68503937007874,121.88582677165354
543,294,0.687007874015748,54,80,122,54.08464566929133,79.73228346456693,121.87795275590551
544,294,0.6883202099737533,54,80,122,54.0255905511811,79.77952755905511,121.87007874015748
545,294,0.6896325459317585,54,80,122,53.96653543307087,79.8267716535433,121.86220472440945
546,294,0.6909448818897638,54,80,122,53.90748031496063,79.8740157480315,121.85433070866142
547,294,0.6922572178477691,54,80,122,53.84842519685039,79.92125984251969,121.84645669291339
548,294,0.6935695538057742,54,80,122,53.78937007874016,79.96850393700788,121.83858267716535
549,294,0.6948818897637795,54,80,122,53.730314960629926,80.01574803149606,121.83070866141732
550,294,0.6961942257217848,54,80,122,53.67125984251969,80.06299212598425,121.82283464566929
551,294,0.69750656167979,54,80,122,53.61220472440945,80.11023622047244,121.81496062992126
552,294,0.6988188976377953,54,80,122,53.553149606299215,80.15748031496062,121.80708661417323
553,294,0.7001312335958005,53,80,122,53.49409448818898,80.20472440944881,121.7992125984252
554,294,0.7014435695538058,53,80,122,53.43503937007874,80.25196850393701,121.79133858267717
555,294,0.702755905511811,53,80,122,53.375984251968504,80.2992125984252,121.78346456692914
556,294,0.7040682414698163,53,80,122,53.31692913385827,80.34645669291339,121.7755905511811
557,294,0.7053805774278216,53,80,122,53.25787401574803,80.39370078740157,121.76771653543307
558,294,0.7066929133858267,53,80,122,53.19881889763779,80.44094488188976,121.75984251968504
559,294,0.708005249343832,53,80,122,53.139763779527556,80.48818897637796,121.75196850393701
560,294,0.7093175853018373,53,80,122,53.08070866141732,80.53543307086615,121.74409448818898
561,294,0.7106299212598425,53,81,122,53.02165354330709,80.58267716535433,121.73622047244095
562,294,0.7119422572178478,53,81,122,52.96259842519685,80.62992125984252,121.72834645669292
563,294,0.713254593175853,53,81,122,52.903543307086615,80.67716535433071,121.72047244094489
564,294,0.7145669291338582,53,81,122,52.84448818897638,80.7244094488189,121.71259842519684
565,294,0.7158792650918635,53,81,122,52.78543307086614,80.77165354330708,121.70472440944881
566,294,0.7171916010498688,53,81,122,52.726377952755904,80.81889763779527,121.69685039370079
567,294,0.718503937007874,53,81,122,52.667322834645674,80.86614173228347,121.68897637795276
568,294,0.7198162729658792,53,81,122,52.60826771653544,80.91338582677164,121.68110236220473
569,294,0.7211286089238845,53,81,122,52.54921259842519,80.96062992125985,121.6732283464567
570,294,0.7224409448818898,52,81,122,52.490157480314956,81.00787401574803,121.66535433070867
571,294,0.723753280839895,52,81,122,52.431102362204726,81.05511811023622,121.65748031496062
572,294,0.7250656167979003,52,81,122,52.37204724409449,81.10236220472441,121.64960629921259
573,294,0.7263779527559056,52,81,122,52.31299212598425,81.14960629921259,121.64173228346456
574,294,0.7276902887139107,52,81,122,52.253937007874015,81.19685039370079,121.63385826771653
575,294,0.729002624671916,52,81,122,52.19488188976378,81.24409448818898,121.6259842519685
576,294,0.7303149606299213,52,81,122,52.13582677165354,81.29133858267717,121.61811023622047
577,294,0.7316272965879265,52,81,122,52.07677165354331,81.33858267716535,121.61023622047244
578,294,0.7329396325459318,52,81,122,52.017716535433074,81.38582677165354,121.60236220472441
579,294,0.734251968503937,52,81,122,51.95866141732283,81.43307086614173,121.59448818897638
580,294,0.7355643044619422,52,81,122,51.8996062992126,81.48031496062993,121.58661417322834
581,294,0.7368766404199475,52,81,122,51.84055118110236,81.5275590551181,121.57874015748031
582,294,0.7381889763779528,52,82,122,51.781496062992126,81.5748031496063,121.57086614173228
583,294,0.739501312335958,52,82,122,51.72244094488189,81.62204724409449,121.56299212598425
584,294,0.7408136482939632,52,82,122,51.66338582677165,81.66929133858268,121.55511811023622
585,294,0.7421259842519685,52,82,122,51.604330708661415,81.71653543307087,121.54724409448819
586,294,0.7434383202099738,51,82,122,51.54527559055118,81.76377952755905,121.53937007874016
587,294,0.744750656167979,51,82,122,51.48622047244095,81.81102362204724,121.53149606299212
588,294,0.7460629921259843,51,82,122,51.42716535433071,81.85826771653544,121.52362204724409
589,294,0.7473753280839895,51,82,121,51.368110236220474,81.90551181102362,121.51574803149606
590,294,0.7486876640419947,51,82,121,51.30905511811024,81.95275590551181,121.50787401574803
591,294,0.75,51,82,121,51.25,82.0,121.5
592,294,0.7513123359580053,51,82,121,51.19094488188976,82.04724409448819,121.49212598425197
593,294,0.7526246719160105,51,82,121,51.131889763779526,82.09448818897638,121.48425196850394
594,294,0.7539370078740157,51,82,121,51.07283464566929,82.14173228346456,121.47637795275591
595,294,0.755249343832021,51,82,121,51.01377952755905,82.18897637795276,121.46850393700788
596,294,0.7565616797900262,51,82,121,50.95472440944882,82.23622047244095,121.46062992125984
597,294,0.7578740157480315,51,82,121,50.895669291338585,82.28346456692913,121.45275590551181
598,294,0.7591863517060368,51,82,121,50.83661417322835,82.33070866141732,121.44488188976378
599,294,0.760498687664042,51,82,121,50.77755905511811,82.37795275590551,121.43700787401575
600,294,0.7618110236220472,51,82,121,50.718503937007874,82.4251968503937,121.42913385826772
601,294,0.7631233595800525,51,82,121,50.65944881889764,82.4724409448819,121.42125984251969
602,294,0.7644356955380578,51,82,121,50.6003937007874,82.51968503937007,121.41338582677166
603,294,0.765748031496063,50,83,121,50.54133858267717,82.56692913385827,121.40551181102362
604,294,0.7670603674540682,50,83,121,50.482283464566926,82.61417322834646,121.39763779527559
605,294,0.7683727034120735,50,83,121,50.42322834645669,82.66141732283465,121.38976377952756
606,294,0.7696850393700787,50,83,121,50.36417322834646,82.70866141732283,121.38188976377953
607,294,0.770997375328084,50,83,121,50.30511811023622,82.75590551181102,121.3740157480315
608,294,0.7723097112860893,50,83,121,50.246062992125985,82.80314960629921,121.36614173228347
609,294,0.7736220472440944,50,83,121,50.18700787401575,82.85039370078741,121.35826771653544
610,294,0.7749343832020997,50,83,121,50.12795275590551,82.89763779527559,121.35039370078741
611,294,0.776246719160105,50,83,121,50.068897637795274,82.94488188976378,121.34251968503938
612,294,0.7775590551181102,50,83,121,50.009842519685044,82.99212598425197,121.33464566929133
613,294,0.7788713910761155,50,83,121,49.95078740157481,83.03937007874015,121.3267716535433
614,294,0.7801837270341208,50,83,121,49.89173228346456,83.08661417322836,121.31889763779527
615,294,0.781496062992126,50,83,121,49.832677165354326,83.13385826771653,121.31102362204724
616,294,0.7828083989501312,50,83,121,49.773622047244096,83.18110236220473,121.30314960629921
617,294,0.7841207349081365,50,83,121,49.71456692913386,83.22834645669292,121.29527559055119
618,294,0.7854330708661418,50,83,121,49.65551181102362,83.2755905511811,121.28740157480316
619,294,0.786745406824147,50,83,121,49.596456692913385,83.32283464566929,121.27952755905511
620,294,0.7880577427821522,49,83,121,49.53740157480315,83.37007874015748,121.27165354330708
621,294,0.7893700787401575,49,83,121,49.47834645669291,83.41732283464567,121.26377952755905
622,294,0.7906824146981627,49,83,121,49.41929133858268,83.46456692913385,121.25590551181102
623,294,0.791994750656168,49,83,121,49.360236220472444,83.51181102362204,121.24803149606299
624,294,0.7933070866141733,49,84,121,49.3011811023622,83.55905511811024,121.24015748031496
625,294,0.7946194225721784,49,84,121,49.24212598425197,83.60629921259843,121.23228346456693
626,294,0.7959317585301837,49,84,121,49.18307086614173,83.65354330708661,121.2244094488189
627,294,0.797244094488189,49,84,121,49.124015748031496,83.7007874015748,121.21653543307086
628,294,0.7985564304461942,49,84,121,49.06496062992126,83.74803149606299,121.20866141732283
629,294,0.7998687664041995,49,84,121,49.00590551181102,83.79527559055119,121.2007874015748
630,294,0.8011811023622047,49,84,121,48.946850393700785,83.84251968503938,121.19291338582677
631,294,0.80249343832021,49,84,121,48.88779527559055,83.88976377952756,121.18503937007874
632,294,0.8038057742782152,49,84,121,48.82874015748032,83.93700787401575,121.17716535433071
633,294,0.8051181102362205,49,84,121,48.76968503937008,83.98425196850394,121.16929133858268
634,294,0.8064304461942258,49,84,121,48.71062992125984,84.03149606299212,121.16141732283465
635,294,0.8077427821522309,49,84,121,48.65157480314961,84.07874015748031,121.15354330708661
636,294,0.8090551181102362,49,84,121,48.59251968503937,84.1259842519685,121.14566929133858
637,294,0.8103674540682415,48,84,121,48.53346456692913,84.1732283464567,121.13779527559055
638,294,0.8116797900262467,48,84,121,48.474409448818896,84.22047244094489,121.12992125984252
639,294,0.812992125984252,48,84,121,48.41535433070866,84.26771653543307,121.12204724409449
640,294,0.8143044619422573,48,84,121,48.35629921259842,84.31496062992126,121.11417322834646
641,294,0.8156167979002624,48,84,121,48.29724409448819,84.36220472440945,121.10629921259843
642,294,0.8169291338582677,48,84,121,48.238188976377955,84.40944881889763,121.0984251968504
643,294,0.818241469816273,48,84,121,48.17913385826772,84.45669291338584,121.09055118110236
644,294,0.8195538057742782,48,84,121,48.12007874015748,84.50393700787401,121.08267716535433
645,294,0.8208661417322834,48,85,121,48.061023622047244,84.55118110236221,121.0748031496063
646,294,0.8221784776902887,48,85,121,48.00196850393701,84.5984251968504,121.06692913385827
647,294,0.823490813648294,48,85,121,47.94291338582677,84.64566929133858,121.05905511811024
648,294,0.8248031496062992,48,85,121,47.88385826771653,84.69291338582677,121.05118110236221
649,294,0.8261154855643045,48,85,121,47.824803149606296,84.74015748031496,121.04330708661418
650,294,0.8274278215223098,48,85,121,47.76574803149606,84.78740157480316,121.03543307086615
651,294,0.8287401574803149,48,85,121,47.70669291338583,84.83464566929133,121.0275590551181
652,294,0.8300524934383202,48,85,121,47.64763779527559,84.88188976377953,121.01968503937007
653,294,0.8313648293963255,48,85,121,47.588582677165356,84.92913385826772,121.01181102362204
654,294,0.8326771653543307,48,85,121,47.52952755905512,84.97637795275591,121.00393700787401
655,294,0.833989501312336,47,85,121,47.47047244094488,85.02362204724409,120.99606299212599
656,294,0.8353018372703412,47,85,121,47.411417322834644,85.07086614173228,120.98818897637796
657,294,0.8366141732283464,47,85,121,47.352362204724415,85.11811023622047,120.98031496062993
658,294,0.8379265091863517,47,85,121,47.29330708661417,85.16535433070865,120.9724409448819
659,294,0.839238845144357,47,85,121,47.23425196850393,85.21259842519686,120.96456692913385
660,294,0.8405511811023622,47,85,121,47.175196850393704,85.25984251968504,120.95669291338582
661,294,0.8418635170603674,47,85,121,47.11614173228347,85.30708661417323,120.94881889763779
662,294,0.8431758530183727,47,85,121,47.05708661417323,85.35433070866142,120.94094488188976
663,294,0.844488188976378,47,85,121,46.99803149606299,85.4015748031496,120.93307086614173
664,294,0.8458005249343832,47,85,121,46.938976377952756,85.44881889763779,120.9251968503937
665,294,0.8471128608923885,47,85,121,46.87992125984252,85.49606299212599,120.91732283464567
666,294,0.8484251968503937,47,86,121,46.82086614173228,85.54330708661418,120.90944881889763
667,294,0.8497375328083989,47,86,121,46.76181102362205,85.59055118110237,120.9015748031496
668,294,0.8510498687664042,47,86,121,46.70275590551181,85.63779527559055,120.89370078740157
669,294,0.8523622047244095,47,86,121,46.64370078740157,85.68503937007874,120.88582677165354
670,294,0.8536745406824147,47,86,121,46.58464566929134,85.73228346456693,120.87795275590551
671,294,0.85498687664042,47,86,121,46.525590551181104,85.77952755905511,120.87007874015748
672,294,0.8562992125984252,46,86,121,46.46653543307087,85.8267716535433,120.86220472440945
673,294,0.8576115485564304,46,86,121,46.40748031496063,85.8740157480315,120.85433070866142
674,294,0.8589238845144357,46,86,121,46.34842519685039,85.92125984251969,120.84645669291339
675,294,0.860236220472441,46,86,121,46.289370078740156,85.96850393700788,120.83858267716535
676,294,0.8615485564304461,46,86,121,46.230314960629926,86.01574803149606,120.83070866141732
677,294,0.8628608923884514,46,86,121,46.17125984251969,86.06299212598425,120.82283464566929
678,294,0.8641732283464567,46,86,121,46.112204724409445,86.11023622047244,120.81496062992126
679,294,0.865485564304462,46,86,121,46.05314960629921,86.15748031496064,120.80708661417323
680,294,0.8667979002624672,46,86,121,45.99409448818898,86.20472440944881,120.7992125984252
681,294,0.8681102362204725,46,86,121,45.93503937007874,86.25196850393701,120.79133858267717
682,294,0.8694225721784777,46,86,121,45.875984251968504,86.2992125984252,120.78346456692913
683,294,0.8707349081364829,46,86,121,45.81692913385827,86.34645669291339,120.7755905511811
684,294,0.8720472440944882,46,86,121,45.75787401574803,86.39370078740157,120.76771653543307
685,294,0.8733595800524935,46,86,121,45.69881889763779,86.44094488188976,120.75984251968504
686,294,0.8746719160104987,46,86,121,45.63976377952756,86.48818897637796,120.75196850393701
687,294,0.8759842519685039,46,86,121,45.580708661417326,86.53543307086613,120.74409448818898
688,294,0.8772965879265092,46,87,121,45.52165354330708,86.58267716535434,120.73622047244095
689,294,0.8786089238845144,45,87,121,45.46259842519685,86.62992125984252,120.72834645669292
690,294,0.8799212598425197,45,87,121,45.403543307086615,86.67716535433071,120.72047244094489
691,294,0.881233595800525,45,87,121,45.34448818897638,86.7244094488189,120.71259842519684
692,294,0.8825459317585301,45,87,121,45.28543307086614,86.77165354330708,120.70472440944881
693,294,0.8838582677165354,45,87,121,45.226377952755904,86.81889763779527,120.69685039370079
694,294,0.8851706036745407,45,87,121,45.16732283464567,86.86614173228347,120.68897637795276
695,294,0.886482939632546,45,87,121,45.10826771653543,86.91338582677166,120.68110236220473
696,294,0.8877952755905512,45,87,121,45.0492125984252,86.96062992125984,120.6732283464567
697,294,0.8891076115485564,45,87,121,44.99015748031496,87.00787401574803,120.66535433070867
698,294,0.8904199475065617,45,87,121,44.931102362204726,87.05511811023622,120.65748031496062
699,294,0.8917322834645669,45,87,121,44.87204724409449,87.10236220472441,120.64960629921259
700,294,0.8930446194225722,45,87,121,44.81299212598425,87.14960629921259,120.64173228346456
701,294,0.8943569553805775,45,87,121,44.753937007874015,87.19685039370079,120.63385826771653
702,294,0.8956692913385826,45,87,121,44.69488188976378,87.24409448818898,120.6259842519685
703,294,0.8969816272965879,45,87,121,44.63582677165354,87.29133858267716,120.61811023622047
704,294,0.8982939632545932,45,87,121,44.576771653543304,87.33858267716536,120.61023622047244
705,294,0.8996062992125984,45,87,121,44.517716535433074,87.38582677165354,120.60236220472441
706,294,0.9009186351706037,44,87,121,44.45866141732284,87.43307086614173,120.59448818897638
707,294,0.902230971128609,44,87,121,44.3996062992126,87.48031496062993,120.58661417322834
708,294,0.9035433070866141,44,87,121,44.34055118110236,87.5275590551181,120.57874015748031
709,294,0.9048556430446194,44,88,121,44.281496062992126,87.5748031496063,120.57086614173228
710,294,0.9061679790026247,44,88,121,44.22244094488189,87.62204724409449,120.56299212598425
711,294,0.90748031496063,44,88,121,44.16338582677165,87.66929133858268,120.55511811023622
712,294,0.9087926509186351,44,88,121,44.104330708661415,87.71653543307087,120.54724409448819
713,294,0.9101049868766404,44,88,121,44.04527559055118,87.76377952755905,120.53937007874016
714,294,0.9114173228346457,44,88,121,43.98622047244094,87.81102362204724,120.53149606299212
715,294,0.9127296587926509,44,88,120,43.92716535433071,87.85826771653544,120.52362204724409
716,294,0.9140419947506562,44,88,120,43.868110236220474,87.90551181102362,120.51574803149606
717,294,0.9153543307086615,44,88,120,43.80905511811024,87.95275590551182,120.50787401574803
718,294,0.9166666666666666,44,88,120,43.75,88.0,120.5
719,294,0.9179790026246719,44,88,120,43.69094488188976,88.04724409448819,120.49212598425197
720,294,0.9192913385826772,44,88,120,43.631889763779526,88.09448818897638,120.48425196850394
721,294,0.9206036745406824,44,88,120,43.572834645669296,88.14173228346456,120.47637795275591
722,294,0.9219160104986877,43,88,120,43.51377952755905,88.18897637795276,120.46850393700788
723,294,0.9232283464566929,43,88,120,43.454724409448815,88.23622047244095,120.46062992125984
724,294,0.9245406824146981,43,88,120,43.395669291338585,88.28346456692913,120.45275590551181
725,294,0.9258530183727034,43,88,120,43.33661417322835,88.33070866141732,120.44488188976378
726,294,0.9271653543307087,43,88,120,43.27755905511811,88.37795275590551,120.43700787401575
727,294,0.928477690288714,43,88,120,43.218503937007874,88.4251968503937,120.42913385826772
728,294,0.9297900262467191,43,88,120,43.15944881889764,88.4724409448819,120.42125984251969
729,294,0.9311023622047244,43,88,120,43.1003937007874,88.51968503937007,120.41338582677166
730,294,0.9324146981627297,43,89,120,43.04133858267716,88.56692913385827,120.40551181102362
731,294,0.9337270341207349,43,89,120,42.98228346456693,88.61417322834646,120.39763779527559
732,294,0.9350393700787402,43,89,120,42.923228346456696,88.66141732283464,120.38976377952756
733,294,0.9363517060367454,43,89,120,42.86417322834645,88.70866141732284,120.38188976377953
734,294,0.9376640419947506,43,89,120,42.80511811023622,88.75590551181102,120.3740157480315
735,294,0.9389763779527559,43,89,120,42.746062992125985,88.80314960629921,120.36614173228347
736,294,0.9402887139107612,43,89,120,42.68700787401575,88.85039370078741,120.35826771653544
737,294,0.9416010498687664,43,89,120,42.62795275590551,88.89763779527559,120.35039370078741
738,294,0.9429133858267716,43,89,120,42.568897637795274,88.94488188976378,120.34251968503938
739,294,0.9442257217847769,42,89,120,42.50984251968504,88.99212598425197,120.33464566929133
740,294,0.9455380577427821,42,89,120,42.45078740157481,89.03937007874015,120.3267716535433
741,294,0.9468503937007874,42,89,120,42.39173228346457,89.08661417322836,120.31889763779527
742,294,0.9481627296587927,42,89,120,42.33267716535433,89.13385826771653,120.31102362204724
743,294,0.949475065616798,42,89,120,42.27362204724409,89.18110236220473,120.30314960629921
744,294,0.9507874015748031,42,89,120,42.21456692913386,89.22834645669292,120.29527559055119
745,294,0.9520997375328084,42,89,120,42.15551181102362,89.2755905511811,120.28740157480316
746,294,0.9534120734908137,42,89,120,42.096456692913385,89.3228346456693,120.27952755905511
747,294,0.9547244094488189,42,89,120,42.03740157480315,89.37007874015748,120.27165354330708
748,294,0.9560367454068242,42,89,120,41.97834645669291,89.41732283464566,120.26377952755905
749,294,0.9573490813648294,42,89,120,41.919291338582674,89.46456692913387,120.25590551181102
750,294,0.9586614173228346,42,89,120,41.860236220472444,89.51181102362204,120.24803149606299
751,294,0.9599737532808399,42,90,120,41.80118110236221,89.55905511811024,120.24015748031496
